"group_num","date","jday","hot","warm","mean","cool","cold","ambient"
4,2025-01-08,8,7.95934272627342,6.23408925766006,3.64620905474001,1.05832885181997,-0.666924616793391,8
5,2025-01-09,9,8.27488633191879,6.54963286330543,3.96175266038538,1.37387245746534,-0.351381011148022,8
5,2025-01-10,10,8.27488633191879,6.54963286330543,3.96175266038538,1.37387245746534,-0.351381011148022,6
6,2025-01-11,11,8.04899639131294,6.32374292269958,3.73586271977953,1.14798251685949,-0.577270951753872,6
6,2025-01-12,12,8.04899639131294,6.32374292269958,3.73586271977953,1.14798251685949,-0.577270951753872,5
7,2025-01-13,13,7.97156715535273,6.24631368673937,3.65843348381932,1.07055328089928,-0.654700187714082,4
7,2025-01-14,14,7.97156715535273,6.24631368673937,3.65843348381932,1.07055328089928,-0.654700187714082,2
8,2025-01-15,15,8.24440787855157,6.51915440993821,3.93127420701816,1.34339400409812,-0.381859464515241,5
8,2025-01-16,16,8.24440787855157,6.51915440993821,3.93127420701816,1.34339400409812,-0.381859464515241,3
9,2025-01-17,17,7.7602627123307,6.03500924371734,3.4471290407973,0.859248837877254,-0.866004630736108,3
9,2025-01-18,18,7.7602627123307,6.03500924371734,3.4471290407973,0.859248837877254,-0.866004630736108,3
10,2025-01-19,19,8.27003962725919,6.54478615864583,3.95690595572579,1.36902575280575,-0.356227715807617,1
10,2025-01-20,20,8.27003962725919,6.54478615864583,3.95690595572579,1.36902575280575,-0.356227715807617,0
11,2025-01-21,21,8.43729957505636,6.712046106443,4.12416590352295,1.53628570060291,-0.188967768010452,2
11,2025-01-22,22,8.43729957505636,6.712046106443,4.12416590352295,1.53628570060291,-0.188967768010452,2
12,2025-01-23,23,8.45462779135826,6.7293743227449,4.14149411982485,1.55361391690481,-0.171639551708551,2
12,2025-01-24,24,8.45462779135826,6.7293743227449,4.14149411982485,1.55361391690481,-0.171639551708551,4
13,2025-01-25,25,8.46427989578177,6.73902642716841,4.15114622424836,1.56326602132832,-0.161987447285041,5
13,2025-01-26,26,8.46427989578177,6.73902642716841,4.15114622424836,1.56326602132832,-0.161987447285041,5
14,2025-01-27,27,8.25049093682409,6.52523746821073,3.93735726529069,1.34947706237064,-0.375776406242719,6
14,2025-01-28,28,8.25049093682409,6.52523746821073,3.93735726529069,1.34947706237064,-0.375776406242719,5
15,2025-01-29,29,8.14901756988458,6.42376410127122,3.83588389835118,1.24800369543114,-0.477249773182226,6
15,2025-01-30,30,8.14901756988458,6.42376410127122,3.83588389835118,1.24800369543114,-0.477249773182226,6
16,2025-01-31,31,8.12656058486738,6.40130711625401,3.81342691333397,1.22554671041393,-0.499706758199436,6
16,2025-02-01,32,8.60846841449318,6.69045181402949,3.81342691333397,0.936402012638445,-0.981614587825238,5.223632813
17,2025-02-02,33,8.67073684203989,6.75272024157621,3.87569534088068,0.998670440185157,-0.919346160278527,4.132161458
17,2025-02-03,34,8.67073684203989,6.75272024157621,3.87569534088068,0.998670440185157,-0.919346160278527,5.293619792
18,2025-02-04,35,9.23832271959516,7.32030611913147,4.44328121843595,1.56625631774042,-0.35176028272326,7.517903646
18,2025-02-05,36,9.23832271959516,7.32030611913147,4.44328121843595,1.56625631774042,-0.35176028272326,5.341796875
19,2025-02-06,37,9.20659434268212,7.28857774221844,4.41155284152291,1.53452794082739,-0.383488659636297,3.059895833
19,2025-02-07,38,9.20659434268212,7.28857774221844,4.41155284152291,1.53452794082739,-0.383488659636297,3.34375
20,2025-02-08,39,8.43519707280505,6.51718047234136,3.64015557164584,0.763130670950315,-1.15488592951337,3.631184896
20,2025-02-09,40,8.43519707280505,6.51718047234136,3.64015557164584,0.763130670950315,-1.15488592951337,4.263997396
21,2025-02-10,41,8.35517706731247,6.43716046684879,3.56013556615326,0.683110665457738,-1.23490593500595,3.895833333
21,2025-02-11,42,8.35517706731247,6.43716046684879,3.56013556615326,0.683110665457738,-1.23490593500595,3.974609375
22,2025-02-12,43,8.37558227104965,6.45756567058597,3.58054076989045,0.703515869194922,-1.21450073126876,4.419270833
22,2025-02-13,44,8.37558227104965,6.45756567058597,3.58054076989045,0.703515869194922,-1.21450073126876,3.777994792
23,2025-02-14,45,7.57282075840125,5.65480415793756,2.77777925724204,-0.0992456434534856,-2.01726224391717,4.727213542
23,2025-02-15,46,7.57282075840125,5.65480415793756,2.77777925724204,-0.0992456434534856,-2.01726224391717,4.345703125
24,2025-02-16,47,7.93981431015115,6.02179770968746,3.14477280899194,0.267747908296416,-1.65026869216727,3.137369792
24,2025-02-17,48,7.93981431015115,6.02179770968746,3.14477280899194,0.267747908296416,-1.65026869216727,3.306315104
25,2025-02-18,49,8.415965777943,6.49794917747931,3.62092427678379,0.743899376088263,-1.17411722437542,4.36328125
25,2025-02-19,50,8.415965777943,6.49794917747931,3.62092427678379,0.743899376088263,-1.17411722437542,4.696614583
26,2025-02-20,51,8.71773258423322,6.79971598376954,3.92269108307402,1.04566618237849,-0.872350418085192,10.671875
26,2025-02-21,52,8.71773258423322,6.79971598376954,3.92269108307402,1.04566618237849,-0.872350418085192,12.1969401
27,2025-02-22,53,9.34776227259296,7.42974567212928,4.55272077143375,1.67569587073823,-0.242320729725453,10.67415365
27,2025-02-23,54,9.34776227259296,7.42974567212928,4.55272077143375,1.67569587073823,-0.242320729725453,8.685872396
28,2025-02-24,55,9.15022825093409,7.23221165047041,4.35518674977488,1.47816184907936,-0.439854751384326,10.57128906
28,2025-02-25,56,9.15022825093409,7.23221165047041,4.35518674977488,1.47816184907936,-0.439854751384326,8.791341146
29,2025-02-26,57,9.32738374378257,7.40936714331889,4.53234224262336,1.65531734192784,-0.262699258535844,6.046875
29,2025-02-27,58,9.32738374378257,7.40936714331889,4.53234224262336,1.65531734192784,-0.262699258535844,7.623372396
30,2025-02-28,59,9.41131003208204,7.49329343161835,4.61626853092283,1.7392436302273,-0.178772970236379,4.972005208
30,2025-03-01,60,8.15332943206775,6.73850507160978,4.61626853092283,2.49403199023588,1.07920762977791,6.138671875
31,2025-03-02,61,8.10724781899819,6.69242345854022,4.57018691785327,2.44795037716632,1.03312601670835,6.160481771
31,2025-03-03,62,8.10724781899819,6.69242345854022,4.57018691785327,2.44795037716632,1.03312601670835,5.431315104
32,2025-03-04,63,7.99213205748062,6.57730769702265,4.4550711563357,2.33283461564874,0.918010255190777,6.873697917
32,2025-03-05,64,7.99213205748062,6.57730769702265,4.4550711563357,2.33283461564874,0.918010255190777,8.537760417
33,2025-03-06,65,8.99115931237856,7.57633495192059,5.45409841123364,3.33186187054669,1.91703751008872,9.78125
33,2025-03-07,66,8.99115931237856,7.57633495192059,5.45409841123364,3.33186187054669,1.91703751008872,11.20117188
34,2025-03-08,67,9.09092512975415,7.67610076929619,5.55386422860924,3.43162768792228,2.01680332746432,11.86132813
34,2025-03-09,68,9.09092512975415,7.67610076929619,5.55386422860924,3.43162768792228,2.01680332746432,12.04394531
35,2025-03-10,69,9.49916909706754,8.08434473660957,5.96210819592262,3.83987165523567,2.4250472947777,9.112955729
35,2025-03-11,70,9.49916909706754,8.08434473660957,5.96210819592262,3.83987165523567,2.4250472947777,7.228190104
36,2025-03-12,71,9.20921326776126,7.79438890730329,5.67215236661634,3.54991582592938,2.13509146547142,5.025065104
36,2025-03-13,72,9.20921326776126,7.79438890730329,5.67215236661634,3.54991582592938,2.13509146547142,4.098958333
37,2025-03-14,73,9.72684777838913,8.31202341793116,6.18978687724421,4.06755033655726,2.65272597609929,4.21875
37,2025-03-15,74,9.72684777838913,8.31202341793116,6.18978687724421,4.06755033655726,2.65272597609929,5.937174479
38,2025-03-16,75,10.0162162384846,8.60139187802668,6.47915533733973,4.35691879665277,2.94209443619481,4.192057292
38,2025-03-17,76,10.0162162384846,8.60139187802668,6.47915533733973,4.35691879665277,2.94209443619481,5.704101563
39,2025-03-18,77,9.61727830823584,8.20245394777788,6.08021740709092,3.95798086640397,2.543156505946,5.444335938
39,2025-03-19,78,9.61727830823584,8.20245394777788,6.08021740709092,3.95798086640397,2.543156505946,7.434570313
40,2025-03-20,79,9.87130552828602,8.45648116782805,6.3342446271411,4.21200808645415,2.79718372599618,12.16666667
40,2025-03-21,80,9.87130552828602,8.45648116782805,6.3342446271411,4.21200808645415,2.79718372599618,12.20540365
41,2025-03-22,81,9.95432990257183,8.53950554211387,6.41726900142691,4.29503246073996,2.88020810028199,12.24414063
41,2025-03-23,82,9.95432990257183,8.53950554211387,6.41726900142691,4.29503246073996,2.88020810028199,10.0078125
42,2025-03-24,83,10.4232532289843,9.00842886852629,6.88619232783934,4.76395578715239,3.34913142669442,9.343424479
42,2025-03-25,84,10.4232532289843,9.00842886852629,6.88619232783934,4.76395578715239,3.34913142669442,9.574869792
43,2025-03-26,85,10.2031035807748,8.78827922031685,6.6660426796299,4.54380613894295,3.12898177848498,10.16731771
43,2025-03-27,86,10.2031035807748,8.78827922031685,6.6660426796299,4.54380613894295,3.12898177848498,9.494791667
44,2025-03-28,87,10.5410368673298,9.12621250687179,7.00397596618483,4.88173942549788,3.46691506503991,10.1188151
44,2025-03-29,88,10.5410368673298,9.12621250687179,7.00397596618483,4.88173942549788,3.46691506503991,8.813476563
45,2025-03-30,89,10.7309144540202,9.31609009356226,7.19385355287531,5.07161701218836,3.65679265173039,11.38216146
45,2025-03-31,90,10.7309144540202,9.31609009356226,7.19385355287531,5.07161701218836,3.65679265173039,9.349934896
46,2025-04-01,91,10.6227600567948,9.41676354520389,7.60776877781749,5.79877401043109,4.59277749884016,8.831054688
46,2025-04-02,92,10.6227600567948,9.41676354520389,7.60776877781749,5.79877401043109,4.59277749884016,9.616536458
47,2025-04-03,93,9.81388401134376,8.60788749975283,6.79889273236643,4.98989796498003,3.7839014533891,11.55957031
47,2025-04-04,94,9.81388401134376,8.60788749975283,6.79889273236643,4.98989796498003,3.7839014533891,12.91015625
48,2025-04-05,95,9.94842607905424,8.74242956746331,6.93343480007691,5.12444003269051,3.91844352109958,10.18001302
48,2025-04-06,96,9.94842607905424,8.74242956746331,6.93343480007691,5.12444003269051,3.91844352109958,9.168619792
49,2025-04-07,97,10.2319764385828,9.02597992699184,7.21698515960544,5.40799039221904,4.20199388062811,8.197916667
49,2025-04-08,98,10.2319764385828,9.02597992699184,7.21698515960544,5.40799039221904,4.20199388062811,8.100911458
50,2025-04-09,99,10.6290835116394,9.42308700004845,7.61409223266205,5.80509746527565,4.59910095368472,7.812174479
50,2025-04-10,100,10.6290835116394,9.42308700004845,7.61409223266205,5.80509746527565,4.59910095368472,8.455729167
51,2025-04-11,101,10.7906147430806,9.5846182314897,7.7756234641033,5.9666286967169,4.76063218512597,10.93164063
51,2025-04-12,102,10.7906147430806,9.5846182314897,7.7756234641033,5.9666286967169,4.76063218512597,13.08919271
52,2025-04-13,103,10.9910049826221,9.78500847103113,7.97601370364473,6.16701893625833,4.9610224246674,10.96647135
52,2025-04-14,104,10.9910049826221,9.78500847103113,7.97601370364473,6.16701893625833,4.9610224246674,9.865559896
53,2025-04-15,105,11.7028383250627,10.4968418134718,8.68784704608542,6.87885227869902,5.67285576710808,10.50846354
53,2025-04-16,106,11.7028383250627,10.4968418134718,8.68784704608542,6.87885227869902,5.67285576710808,9.9296875
54,2025-04-17,107,11.9719919495168,10.7659954379259,8.9570006705395,7.1480059031531,5.94200939156217,8.948893229
54,2025-04-18,108,11.9719919495168,10.7659954379259,8.9570006705395,7.1480059031531,5.94200939156217,10.35481771
55,2025-04-19,109,12.0977018820163,10.8917053704254,9.08271060303897,7.27371583565257,6.06771932406164,11.86197917
55,2025-04-20,110,12.0977018820163,10.8917053704254,9.08271060303897,7.27371583565257,6.06771932406164,10.27539063
56,2025-04-21,111,12.8390471003473,11.6330505887564,9.82405582136996,8.01506105398356,6.80906454239263,10.6953125
56,2025-04-22,112,12.8390471003473,11.6330505887564,9.82405582136996,8.01506105398356,6.80906454239263,11.00846354
57,2025-04-23,113,12.6051750597483,11.3991785481574,9.59018378077099,7.7811890133846,6.57519250179366,10.17252604
57,2025-04-24,114,12.6051750597483,11.3991785481574,9.59018378077099,7.7811890133846,6.57519250179366,10.23665365
58,2025-04-25,115,12.873941875464,11.6679453638731,9.85895059648669,8.0499558291003,6.84395931750936,9.791341146
58,2025-04-26,116,12.873941875464,11.6679453638731,9.85895059648669,8.0499558291003,6.84395931750936,11.43294271
59,2025-04-27,117,12.4057821096835,11.1997855980926,9.3907908307062,7.5817960633198,6.37579955172887,13.61328125
59,2025-04-28,118,12.4057821096835,11.1997855980926,9.3907908307062,7.5817960633198,6.37579955172887,14.36035156
60,2025-04-29,119,12.6036759684419,11.3976794568509,9.58868468946453,7.77968992207813,6.57369341048719,9.836993243
60,2025-04-30,120,12.6036759684419,11.3976794568509,9.58868468946453,7.77968992207813,6.57369341048719,14.5
61,2025-05-01,121,13.2729403441605,12.1787688684693,10.5375116549324,8.89625444139559,7.80208296570436,16.5
61,2025-05-02,122,13.2729403441605,12.1787688684693,10.5375116549324,8.89625444139559,7.80208296570436,17
62,2025-05-03,123,13.1031107305611,12.0089392548699,10.367682041333,8.7264248277962,7.63225335210497,12.5
62,2025-05-04,124,13.1031107305611,12.0089392548699,10.367682041333,8.7264248277962,7.63225335210497,8
63,2025-05-05,125,13.7241553261595,12.6299838504683,10.9887266369314,9.34746942339457,8.25329794770335,7.5
63,2025-05-06,126,13.7241553261595,12.6299838504683,10.9887266369314,9.34746942339457,8.25329794770335,7.5
64,2025-05-07,127,14.2977186084767,13.2035471327855,11.5622899192486,9.92103270571179,8.82686123002056,9
64,2025-05-08,128,14.2977186084767,13.2035471327855,11.5622899192486,9.92103270571179,8.82686123002056,9
65,2025-05-09,129,14.5756082478838,13.4814367721926,11.8401795586558,10.1989223451189,9.10475086942771,10.5
65,2025-05-10,130,14.5756082478838,13.4814367721926,11.8401795586558,10.1989223451189,9.10475086942771,12.5
