subclutch_id,female_id,maternal_temperature_treatment,egg_temperature_treatment,clutch_id,source_tree_id,rearing_tree_id,translocation_treatment,sex,pupa_mass_mg,pupa_mass_g,exp_start_date,emergence_date,pupa_development_time,mate_id,start_cross_date,end_cross_date,days_crossed,first_egg_date,pre_oviposition_time,clutch_size,mate_order,first_egg_hatch_date
f1.cool.hot,f1.cool,cool,hot,o1b2,17484,20926,early,female,48.1,0.0481,2024-07-04,2024-11-08,127,m1.control,2024-11-15,2024-11-17,2,2024-11-17,9,185,1,2025-03-03
f4.control.hot,f4.control,ambient,hot,o4e2,14511,m1,early,female,28.3,0.0283,2024-07-04,2024-11-30,149,m4.control,2024-11-30,2024-12-03,3,2024-12-05,5,209,1,2025-03-13
f4.cool.hot,f4.cool,cool,hot,o3d4,20400,19377,match,female,22,0.022,2024-07-04,2024-11-18,137,m1.cool,2024-11-22,2024-11-24,2,2024-11-24,6,78,3,2025-03-13
f2.cool.hot,f2.cool,cool,hot,o1e10,17115,sw10,late,female,38.3,0.0383,2024-07-04,2024-11-16,135,m1.cool,2024-11-18,2024-11-20,2,2024-11-21,5,48,1,2025-03-14
f1.control.hot,f1.control,ambient,hot,o3a3,17307,20766,match,female,24.8,0.0248,2024-07-04,2024-11-30,149,m1.control,2024-11-30,2024-12-03,3,2024-12-03,3,255,1,2025-03-15
f5.cool.hot,f5.cool,cool,hot,o4a1,17863,20466,late,female,21.2,0.0212,2024-07-04,2024-11-20,139,m1.cool,2024-11-26,2024-11-28,2,2024-11-28,8,45,4,2025-03-18
f2.mean.hot,f2.mean,mean,hot,o3c8,18178,20926,early,female,36.7,0.0367,2024-07-04,2024-11-21,140,m1.mean,2024-11-21,2024-11-23,2,2024-11-28,7,144,1,2025-03-19
f6.mean.hot,f6.mean,mean,hot,o3c1,17484,20926,early,female,34.9,0.0349,2024-07-04,2024-12-10,159,m9.mean,2024-12-10,2024-12-13,3,2024-12-13,3,268,1,2025-03-19
f1.cool.warm,f1.cool,cool,warm,o1b2,17484,20926,early,female,48.1,0.0481,2024-07-04,2024-11-08,127,m1.control,2024-11-15,2024-11-17,2,2024-11-17,9,185,1,2025-03-22
f3.control.hot,f3.control,ambient,hot,o4b6,19864,20466,match,female,39,0.039,2024-07-04,2024-11-30,149,m3.control,2024-11-30,2024-12-03,3,2024-12-04,4,181,1,2025-03-23
f2.cool.warm,f2.cool,cool,warm,o1e10,17115,sw10,late,female,38.3,0.0383,2024-07-04,2024-11-16,135,m1.cool,2024-11-18,2024-11-20,2,2024-11-21,5,48,1,2025-03-25
f1.control.warm,f1.control,ambient,warm,o3a3,17307,20766,match,female,24.8,0.0248,2024-07-04,2024-11-30,149,m1.control,2024-11-30,2024-12-03,3,2024-12-03,3,255,1,2025-03-26
f1.cool.control,f1.cool,cool,ambient,o1b2,17484,20926,early,female,48.1,0.0481,2024-07-04,2024-11-08,127,m1.control,2024-11-15,2024-11-17,2,2024-11-17,9,185,1,2025-03-27
f4.cool.warm,f4.cool,cool,warm,o3d4,20400,19377,match,female,22,0.022,2024-07-04,2024-11-18,137,m1.cool,2024-11-22,2024-11-24,2,2024-11-24,6,78,3,2025-03-27
f5.control.hot,f5.control,ambient,hot,o3c1,17484,20926,early,female,34.7,0.0347,2024-07-04,2024-12-01,150,m4.control,2024-12-03,2024-12-06,3,2024-12-06,5,193,2,2025-03-27
f6.control.hot,f6.control,ambient,hot,o4e2,14511,m1,early,female,43.3,0.0433,2024-07-04,2024-12-06,155,m4.control,2024-12-06,2024-12-09,3,2024-12-11,5,27,3,2025-03-28
f1.hot.hot,f1.hot,hot,hot,o2d8,16682,sw11,match,female,38.1,0.0381,2024-07-04,2024-12-13,162,m1.hot,2024-12-17,2024-12-20,3,2024-12-19,6,221,1,2025-03-30
f1.warm.hot,f1.warm,warm,hot,o1a7,17307,20766,match,female,43.3,0.0433,2024-07-04,2024-12-06,155,m1.warm,2024-12-06,2024-12-09,3,2024-12-08,2,272,1,2025-03-30
f5.cool.control,f5.cool,cool,ambient,o4a1,17863,20466,late,female,21.2,0.0212,2024-07-04,2024-11-20,139,m1.cool,2024-11-26,2024-11-28,2,2024-11-28,8,45,4,2025-03-30
f1.control.control,f1.control,ambient,ambient,o3a3,17307,20766,match,female,24.8,0.0248,2024-07-04,2024-11-30,149,m1.control,2024-11-30,2024-12-03,3,2024-12-03,3,255,1,2025-03-31
f1.warm.warm,f1.warm,warm,warm,o1a7,17307,20766,match,female,43.3,0.0433,2024-07-04,2024-12-06,155,m1.warm,2024-12-06,2024-12-09,3,2024-12-08,2,272,1,2025-03-31
f4.control.warm,f4.control,ambient,warm,o4e2,14511,m1,early,female,28.3,0.0283,2024-07-04,2024-11-30,149,m4.control,2024-11-30,2024-12-03,3,2024-12-05,5,209,1,2025-03-31
f5.cool.warm,f5.cool,cool,warm,o4a1,17863,20466,late,female,21.2,0.0212,2024-07-04,2024-11-20,139,m1.cool,2024-11-26,2024-11-28,2,2024-11-28,8,45,4,2025-03-31
f2.cool.control,f2.cool,cool,ambient,o1e10,17115,sw10,late,female,38.3,0.0383,2024-07-04,2024-11-16,135,m1.cool,2024-11-18,2024-11-20,2,2024-11-21,5,48,1,2025-04-01
f4.control.control,f4.control,ambient,ambient,o4e2,14511,m1,early,female,28.3,0.0283,2024-07-04,2024-11-30,149,m4.control,2024-11-30,2024-12-03,3,2024-12-05,5,209,1,2025-04-01
f6.mean.warm,f6.mean,mean,warm,o3c1,17484,20926,early,female,34.9,0.0349,2024-07-04,2024-12-10,159,m9.mean,2024-12-10,2024-12-13,3,2024-12-13,3,268,1,2025-04-01
f7.cool.hot,f7.cool,cool,hot,o2e9,19872,14308,match,female,31.4,0.0314,2024-07-04,2024-12-26,175,m2.cool,2024-12-28,2024-12-31,3,2024-12-30,4,151,2,2025-04-02
f2.hot.hot,f2.hot,hot,hot,o4e2,14511,m1,early,female,33.9,0.0339,2024-07-04,2024-12-20,169,m2.hot,2024-12-21,2024-12-28,7,2024-12-29,9,78,1,2025-04-03
f2.mean.control,f2.mean,mean,ambient,o3c8,18178,20926,early,female,36.7,0.0367,2024-07-04,2024-11-21,140,m1.mean,2024-11-21,2024-11-23,2,2024-11-28,7,144,1,2025-04-03
f3.control.control,f3.control,ambient,ambient,o4b6,19864,20466,match,female,39,0.039,2024-07-04,2024-11-30,149,m3.control,2024-11-30,2024-12-03,3,2024-12-04,4,181,1,2025-04-03
f3.mean.hot,f3.mean,mean,hot,o2e9,19872,14308,match,female,43.7,0.0437,2024-07-04,2024-11-28,147,m9.mean,2024-12-20,2024-12-22,2,2024-12-28,30,186,2,2025-04-03
f4.warm.hot,f4.warm,warm,hot,o4c5,14291,sw10,late,female,30.7,0.0307,2024-07-04,2024-12-19,168,m2.warm,2024-12-19,2024-12-22,3,2024-12-29,10,131,2,2025-04-03
f5.mean.control,f5.mean,mean,ambient,o3d10,16091,sw10,late,female,26.1,0.0261,2024-07-04,2024-11-29,148,m2.mean,2024-11-29,2024-12-02,3,2024-12-03,4,14,1,2025-04-03
f4.cool.control,f4.cool,cool,ambient,o3d4,20400,19377,match,female,22,0.022,2024-07-04,2024-11-18,137,m1.cool,2024-11-22,2024-11-24,2,2024-11-24,6,78,3,2025-04-04
f2.warm.hot,f2.warm,warm,hot,o1c5,14291,sw9,early,female,34.1,0.0341,2024-07-04,2024-12-13,162,m2.warm,2024-12-13,2024-12-17,4,2024-12-18,5,204,1,2025-04-05
f6.mean.control,f6.mean,mean,ambient,o3c1,17484,20926,early,female,34.9,0.0349,2024-07-04,2024-12-10,159,m9.mean,2024-12-10,2024-12-13,3,2024-12-13,3,268,1,2025-04-05
f3.control.warm,f3.control,ambient,warm,o4b6,19864,20466,match,female,39,0.039,2024-07-04,2024-11-30,149,m3.control,2024-11-30,2024-12-03,3,2024-12-04,4,181,1,2025-04-06
f5.control.control,f5.control,ambient,ambient,o3c1,17484,20926,early,female,34.7,0.0347,2024-07-04,2024-12-01,150,m4.control,2024-12-03,2024-12-06,3,2024-12-06,5,193,2,2025-04-06
f2.mean.warm,f2.mean,mean,warm,o3c8,18178,20926,early,female,36.7,0.0367,2024-07-04,2024-11-21,140,m1.mean,2024-11-21,2024-11-23,2,2024-11-28,7,144,1,2025-04-07
f3.mean.control,f3.mean,mean,ambient,o2e9,19872,14308,match,female,43.7,0.0437,2024-07-04,2024-11-28,147,m9.mean,2024-12-20,2024-12-22,2,2024-12-28,30,186,2,2025-04-07
f5.control.warm,f5.control,ambient,warm,o3c1,17484,20926,early,female,34.7,0.0347,2024-07-04,2024-12-01,150,m4.control,2024-12-03,2024-12-06,3,2024-12-06,5,193,2,2025-04-07
f6.control.control,f6.control,ambient,ambient,o4e2,14511,m1,early,female,43.3,0.0433,2024-07-04,2024-12-06,155,m4.control,2024-12-06,2024-12-09,3,2024-12-11,5,27,3,2025-04-07
f7.cool.control,f7.cool,cool,ambient,o2e9,19872,14308,match,female,31.4,0.0314,2024-07-04,2024-12-26,175,m2.cool,2024-12-28,2024-12-31,3,2024-12-30,4,151,2,2025-04-09
f1.hot.control,f1.hot,hot,ambient,o2d8,16682,sw11,match,female,38.1,0.0381,2024-07-04,2024-12-13,162,m1.hot,2024-12-17,2024-12-20,3,2024-12-19,6,221,1,2025-04-10
f1.warm.control,f1.warm,warm,ambient,o1a7,17307,20766,match,female,43.3,0.0433,2024-07-04,2024-12-06,155,m1.warm,2024-12-06,2024-12-09,3,2024-12-08,2,272,1,2025-04-10
f1.hot.warm,f1.hot,hot,warm,o2d8,16682,sw11,match,female,38.1,0.0381,2024-07-04,2024-12-13,162,m1.hot,2024-12-17,2024-12-20,3,2024-12-19,6,221,1,2025-04-11
f6.control.warm,f6.control,ambient,warm,o4e2,14511,m1,early,female,43.3,0.0433,2024-07-04,2024-12-06,155,m4.control,2024-12-06,2024-12-09,3,2024-12-11,5,27,3,2025-04-11
f6.cool.hot,f6.cool,cool,hot,o3b10,17307,20766,match,female,33.1,0.0331,2024-07-04,2024-12-08,157,m2.cool,2024-12-08,2024-12-11,3,2024-12-14,6,6,1,2025-04-11
f3.mean.warm,f3.mean,mean,warm,o2e9,19872,14308,match,female,43.7,0.0437,2024-07-04,2024-11-28,147,m9.mean,2024-12-20,2024-12-22,2,2024-12-28,30,186,2,2025-04-12
f2.warm.control,f2.warm,warm,ambient,o1c5,14291,sw9,early,female,34.1,0.0341,2024-07-04,2024-12-13,162,m2.warm,2024-12-13,2024-12-17,4,2024-12-18,5,204,1,2025-04-13
f1.cool.mean,f1.cool,cool,mean,o1b2,17484,20926,early,female,48.1,0.0481,2024-07-04,2024-11-08,127,m1.control,2024-11-15,2024-11-17,2,2024-11-17,9,185,1,2025-04-14
f2.hot.control,f2.hot,hot,ambient,o4e2,14511,m1,early,female,33.9,0.0339,2024-07-04,2024-12-20,169,m2.hot,2024-12-21,2024-12-28,7,2024-12-29,9,78,1,2025-04-14
f7.cool.warm,f7.cool,cool,warm,o2e9,19872,14308,match,female,31.4,0.0314,2024-07-04,2024-12-26,175,m2.cool,2024-12-28,2024-12-31,3,2024-12-30,4,151,2,2025-04-14
f2.cold.hot,f2.cold,cold,hot,o4d10,14158,sw10,late,female,37.1,0.0371,2024-07-04,2024-12-18,167,m1.cold,2024-12-26,2024-12-28,2,2024-12-29,11,9,1,2025-04-15
f4.warm.control,f4.warm,warm,ambient,o4c5,14291,sw10,late,female,30.7,0.0307,2024-07-04,2024-12-19,168,m2.warm,2024-12-19,2024-12-22,3,2024-12-29,10,131,2,2025-04-15
f2.hot.warm,f2.hot,hot,warm,o4e2,14511,m1,early,female,33.9,0.0339,2024-07-04,2024-12-20,169,m2.hot,2024-12-21,2024-12-28,7,2024-12-29,9,78,1,2025-04-17
f2.mean.mean,f2.mean,mean,mean,o3c8,18178,20926,early,female,36.7,0.0367,2024-07-04,2024-11-21,140,m1.mean,2024-11-21,2024-11-23,2,2024-11-28,7,144,1,2025-04-18
f4.warm.warm,f4.warm,warm,warm,o4c5,14291,sw10,late,female,30.7,0.0307,2024-07-04,2024-12-19,168,m2.warm,2024-12-19,2024-12-22,3,2024-12-29,10,131,2,2025-04-18
f2.warm.warm,f2.warm,warm,warm,o1c5,14291,sw9,early,female,34.1,0.0341,2024-07-04,2024-12-13,162,m2.warm,2024-12-13,2024-12-17,4,2024-12-18,5,204,1,2025-04-19
f5.control.mean,f5.control,ambient,mean,o3c1,17484,20926,early,female,34.7,0.0347,2024-07-04,2024-12-01,150,m4.control,2024-12-03,2024-12-06,3,2024-12-06,5,193,2,2025-04-20
f1.control.mean,f1.control,ambient,mean,o3a3,17307,20766,match,female,24.8,0.0248,2024-07-04,2024-11-30,149,m1.control,2024-11-30,2024-12-03,3,2024-12-03,3,255,1,2025-04-21
f4.control.mean,f4.control,ambient,mean,o4e2,14511,m1,early,female,28.3,0.0283,2024-07-04,2024-11-30,149,m4.control,2024-11-30,2024-12-03,3,2024-12-05,5,209,1,2025-04-21
f4.cool.mean,f4.cool,cool,mean,o3d4,20400,19377,match,female,22,0.022,2024-07-04,2024-11-18,137,m1.cool,2024-11-22,2024-11-24,2,2024-11-24,6,78,3,2025-04-21
f2.cool.mean,f2.cool,cool,mean,o1e10,17115,sw10,late,female,38.3,0.0383,2024-07-04,2024-11-16,135,m1.cool,2024-11-18,2024-11-20,2,2024-11-21,5,48,1,2025-04-23
f3.control.mean,f3.control,ambient,mean,o4b6,19864,20466,match,female,39,0.039,2024-07-04,2024-11-30,149,m3.control,2024-11-30,2024-12-03,3,2024-12-04,4,181,1,2025-04-23
f5.cool.mean,f5.cool,cool,mean,o4a1,17863,20466,late,female,21.2,0.0212,2024-07-04,2024-11-20,139,m1.cool,2024-11-26,2024-11-28,2,2024-11-28,8,45,4,2025-04-23
f6.mean.mean,f6.mean,mean,mean,o3c1,17484,20926,early,female,34.9,0.0349,2024-07-04,2024-12-10,159,m9.mean,2024-12-10,2024-12-13,3,2024-12-13,3,268,1,2025-04-24
f1.hot.mean,f1.hot,hot,mean,o2d8,16682,sw11,match,female,38.1,0.0381,2024-07-04,2024-12-13,162,m1.hot,2024-12-17,2024-12-20,3,2024-12-19,6,221,1,2025-04-27
f7.cool.mean,f7.cool,cool,mean,o2e9,19872,14308,match,female,31.4,0.0314,2024-07-04,2024-12-26,175,m2.cool,2024-12-28,2024-12-31,3,2024-12-30,4,151,2,2025-04-27
f1.warm.mean,f1.warm,warm,mean,o1a7,17307,20766,match,female,43.3,0.0433,2024-07-04,2024-12-06,155,m1.warm,2024-12-06,2024-12-09,3,2024-12-08,2,272,1,2025-04-28
f3.mean.mean,f3.mean,mean,mean,o2e9,19872,14308,match,female,43.7,0.0437,2024-07-04,2024-11-28,147,m9.mean,2024-12-20,2024-12-22,2,2024-12-28,30,186,2,2025-04-28
f1.cool.cool,f1.cool,cool,cool,o1b2,17484,20926,early,female,48.1,0.0481,2024-07-04,2024-11-08,127,m1.control,2024-11-15,2024-11-17,2,2024-11-17,9,185,1,2025-04-29
f4.mean.mean,f4.mean,mean,mean,o1a3,14511,sw5,match,female,43.9,0.0439,2024-07-04,2024-11-29,148,m4.mean,2024-11-29,2024-12-02,3,2024-12-13,14,94,1,2025-04-29
f2.warm.mean,f2.warm,warm,mean,o1c5,14291,sw9,early,female,34.1,0.0341,2024-07-04,2024-12-13,162,m2.warm,2024-12-13,2024-12-17,4,2024-12-18,5,204,1,2025-04-30
f4.warm.mean,f4.warm,warm,mean,o4c5,14291,sw10,late,female,30.7,0.0307,2024-07-04,2024-12-19,168,m2.warm,2024-12-19,2024-12-22,3,2024-12-29,10,131,2,2025-04-30
f6.control.mean,f6.control,ambient,mean,o4e2,14511,m1,early,female,43.3,0.0433,2024-07-04,2024-12-06,155,m4.control,2024-12-06,2024-12-09,3,2024-12-11,5,27,3,2025-04-30
f4.control.cool,f4.control,ambient,cool,o4e2,14511,m1,early,female,28.3,0.0283,2024-07-04,2024-11-30,149,m4.control,2024-11-30,2024-12-03,3,2024-12-05,5,209,1,2025-05-02
f2.hot.mean,f2.hot,hot,mean,o4e2,14511,m1,early,female,33.9,0.0339,2024-07-04,2024-12-20,169,m2.hot,2024-12-21,2024-12-28,7,2024-12-29,9,78,1,2025-05-03
f4.cool.cool,f4.cool,cool,cool,o3d4,20400,19377,match,female,22,0.022,2024-07-04,2024-11-18,137,m1.cool,2024-11-22,2024-11-24,2,2024-11-24,6,78,3,2025-05-05
f1.control.cool,f1.control,ambient,cool,o3a3,17307,20766,match,female,24.8,0.0248,2024-07-04,2024-11-30,149,m1.control,2024-11-30,2024-12-03,3,2024-12-03,3,255,1,2025-05-05
f2.cool.cool,f2.cool,cool,cool,o1e10,17115,sw10,late,female,38.3,0.0383,2024-07-04,2024-11-16,135,m1.cool,2024-11-18,2024-11-20,2,2024-11-21,5,48,1,2025-05-06
f3.control.cool,f3.control,ambient,cool,o4b6,19864,20466,match,female,39,0.039,2024-07-04,2024-11-30,149,m3.control,2024-11-30,2024-12-03,3,2024-12-04,4,181,1,2025-05-06
f5.cool.cool,f5.cool,cool,cool,o4a1,17863,20466,late,female,21.2,0.0212,2024-07-04,2024-11-20,139,m1.cool,2024-11-26,2024-11-28,2,2024-11-28,8,45,4,2025-05-06
f5.mean.cool,f5.mean,mean,cool,o3d10,16091,sw10,late,female,26.1,0.0261,2024-07-04,2024-11-29,148,m2.mean,2024-11-29,2024-12-02,3,2024-12-03,4,14,1,2025-05-06
f2.mean.cool,f2.mean,mean,cool,o3c8,18178,20926,early,female,36.7,0.0367,2024-07-04,2024-11-21,140,m1.mean,2024-11-21,2024-11-23,2,2024-11-28,7,144,1,2025-05-07
f1.hot.cool,f1.hot,hot,cool,o2d8,16682,sw11,match,female,38.1,0.0381,2024-07-04,2024-12-13,162,m1.hot,2024-12-17,2024-12-20,3,2024-12-19,6,221,1,2025-05-08
f6.control.cool,f6.control,ambient,cool,o4e2,14511,m1,early,female,43.3,0.0433,2024-07-04,2024-12-06,155,m4.control,2024-12-06,2024-12-09,3,2024-12-11,5,27,3,2025-05-08
f6.mean.cool,f6.mean,mean,cool,o3c1,17484,20926,early,female,34.9,0.0349,2024-07-04,2024-12-10,159,m9.mean,2024-12-10,2024-12-13,3,2024-12-13,3,268,1,2025-05-08
f5.control.cool,f5.control,ambient,cool,o3c1,17484,20926,early,female,34.7,0.0347,2024-07-04,2024-12-01,150,m4.control,2024-12-03,2024-12-06,3,2024-12-06,5,193,2,2025-05-10
f2.warm.cool,f2.warm,warm,cool,o1c5,14291,sw9,early,female,34.1,0.0341,2024-07-04,2024-12-13,162,m2.warm,2024-12-13,2024-12-17,4,2024-12-18,5,204,1,2025-05-11
f3.mean.cool,f3.mean,mean,cool,o2e9,19872,14308,match,female,43.7,0.0437,2024-07-04,2024-11-28,147,m9.mean,2024-12-20,2024-12-22,2,2024-12-28,30,186,2,2025-05-11
f1.warm.cool,f1.warm,warm,cool,o1a7,17307,20766,match,female,43.3,0.0433,2024-07-04,2024-12-06,155,m1.warm,2024-12-06,2024-12-09,3,2024-12-08,2,272,1,2025-05-12
f2.hot.cool,f2.hot,hot,cool,o4e2,14511,m1,early,female,33.9,0.0339,2024-07-04,2024-12-20,169,m2.hot,2024-12-21,2024-12-28,7,2024-12-29,9,78,1,2025-05-12
f7.cool.cool,f7.cool,cool,cool,o2e9,19872,14308,match,female,31.4,0.0314,2024-07-04,2024-12-26,175,m2.cool,2024-12-28,2024-12-31,3,2024-12-30,4,151,2,2025-05-12
f4.warm.cool,f4.warm,warm,cool,o4c5,14291,sw10,late,female,30.7,0.0307,2024-07-04,2024-12-19,168,m2.warm,2024-12-19,2024-12-22,3,2024-12-29,10,131,2,2025-05-13
f1.cool.cold,f1.cool,cool,cold,o1b2,17484,20926,early,female,48.1,0.0481,2024-07-04,2024-11-08,127,m1.control,2024-11-15,2024-11-17,2,2024-11-17,9,185,1,2025-05-12
f1.control.cold,f1.control,ambient,cold,o3a3,17307,20766,match,female,24.8,0.0248,2024-07-04,2024-11-30,149,m1.control,2024-11-30,2024-12-03,3,2024-12-03,3,255,1,2025-05-13
f2.mean.cold,f2.mean,mean,cold,o3c8,18178,20926,early,female,36.7,0.0367,2024-07-04,2024-11-21,140,m1.mean,2024-11-21,2024-11-23,2,2024-11-28,7,144,1,2025-05-14
f2.cool.cold,f2.cool,cool,cold,o1e10,17115,sw10,late,female,38.3,0.0383,2024-07-04,2024-11-16,135,m1.cool,2024-11-18,2024-11-20,2,2024-11-21,5,48,1,2025-05-15
f4.control.cold,f4.control,ambient,cold,o4e2,14511,m1,early,female,28.3,0.0283,2024-07-04,2024-11-30,149,m4.control,2024-11-30,2024-12-03,3,2024-12-05,5,209,1,2025-05-15
f4.cool.cold,f4.cool,cool,cold,o3d4,20400,19377,match,female,22,0.022,2024-07-04,2024-11-18,137,m1.cool,2024-11-22,2024-11-24,2,2024-11-24,6,78,3,2025-05-15
f5.cool.cold,f5.cool,cool,cold,o4a1,17863,20466,late,female,21.2,0.0212,2024-07-04,2024-11-20,139,m1.cool,2024-11-26,2024-11-28,2,2024-11-28,8,45,4,2025-05-16
f6.control.cold,f6.control,ambient,cold,o4e2,14511,m1,early,female,43.3,0.0433,2024-07-04,2024-12-06,155,m4.control,2024-12-06,2024-12-09,3,2024-12-11,5,27,3,2025-05-16
f6.mean.cold,f6.mean,mean,cold,o3c1,17484,20926,early,female,34.9,0.0349,2024-07-04,2024-12-10,159,m9.mean,2024-12-10,2024-12-13,3,2024-12-13,3,268,1,2025-05-16
f1.hot.cold,f1.hot,hot,cold,o2d8,16682,sw11,match,female,38.1,0.0381,2024-07-04,2024-12-13,162,m1.hot,2024-12-17,2024-12-20,3,2024-12-19,6,221,1,2025-05-18
f3.control.cold,f3.control,ambient,cold,o4b6,19864,20466,match,female,39,0.039,2024-07-04,2024-11-30,149,m3.control,2024-11-30,2024-12-03,3,2024-12-04,4,181,1,2025-05-18
f5.control.cold,f5.control,ambient,cold,o3c1,17484,20926,early,female,34.7,0.0347,2024-07-04,2024-12-01,150,m4.control,2024-12-03,2024-12-06,3,2024-12-06,5,193,2,2025-05-19
f3.mean.cold,f3.mean,mean,cold,o2e9,19872,14308,match,female,43.7,0.0437,2024-07-04,2024-11-28,147,m9.mean,2024-12-20,2024-12-22,2,2024-12-28,30,186,2,2025-05-20
f1.warm.cold,f1.warm,warm,cold,o1a7,17307,20766,match,female,43.3,0.0433,2024-07-04,2024-12-06,155,m1.warm,2024-12-06,2024-12-09,3,2024-12-08,2,272,1,2025-05-21
f2.warm.cold,f2.warm,warm,cold,o1c5,14291,sw9,early,female,34.1,0.0341,2024-07-04,2024-12-13,162,m2.warm,2024-12-13,2024-12-17,4,2024-12-18,5,204,1,2025-05-21
f7.cool.cold,f7.cool,cool,cold,o2e9,19872,14308,match,female,31.4,0.0314,2024-07-04,2024-12-26,175,m2.cool,2024-12-28,2024-12-31,3,2024-12-30,4,151,2,2025-05-21
f2.hot.cold,f2.hot,hot,cold,o4e2,14511,m1,early,female,33.9,0.0339,2024-07-04,2024-12-20,169,m2.hot,2024-12-21,2024-12-28,7,2024-12-29,9,78,1,2025-05-22
f4.warm.cold,f4.warm,warm,cold,o4c5,14291,sw10,late,female,30.7,0.0307,2024-07-04,2024-12-19,168,m2.warm,2024-12-19,2024-12-22,3,2024-12-29,10,131,2,2025-05-22
