date,cold_raw,cold_rounded,cool_raw,cool_rounded,mean_raw,mean_rounded,warm_raw,warm_rounded,hot_raw,hot_rounded ,ambient_raw,ambient_rounded
04/07/2024,9.631548614,9.6,12.40787034,12.4,16.57235294,16.6,20.73683554,20.7,23.51315727,23.5,13.98,14
05/07/2024,10.96577081,11,13.32307033,13.3,16.85901961,16.9,20.39496889,20.4,22.7522684,22.8,12.28,12.3
06/07/2024,10.46686671,10.5,12.91164944,12.9,16.57882353,16.6,20.24599762,20.2,22.69078035,22.7,11.64,11.6
07/07/2024,10.85040086,10.9,13.23133855,13.2,16.8027451,16.8,20.37415164,20.4,22.75508934,22.8,14.61,14.6
08/07/2024,11.21156529,11.2,13.48591957,13.5,16.89745098,16.9,20.30898239,20.3,22.58333667,22.6,14.22,14.2
09/07/2024,10.70361739,10.7,13.09730769,13.1,16.68784314,16.7,20.27837859,20.3,22.67206889,22.7,16.35,16.4
10/07/2024,10.44530828,10.4,12.95612614,13,16.72235294,16.7,20.48857974,20.5,22.9993976,23,14.31,14.3
11/07/2024,10.73735297,10.7,13.24758825,13.2,17.01294118,17,20.7782941,20.8,23.28852938,23.3,17.21,17.2
12/07/2024,10.54531256,10.5,13.07746205,13.1,16.87568627,16.9,20.6739105,20.7,23.20605999,23.2,14.55,14.6
13/07/2024,10.87031402,10.9,13.34838449,13.3,17.0654902,17.1,20.7825959,20.8,23.26066637,23.3,14.02,14
14/07/2024,11.08325959,11.1,13.51662242,13.5,17.16666667,17.2,20.81671091,20.8,23.25007374,23.3,16.91,16.9
15/07/2024,10.16592658,10.2,12.9536736,13,17.13529412,17.1,21.31691464,21.3,24.10466165,24.1,13.95,14
16/07/2024,10.57784926,10.6,13.19235662,13.2,17.11411765,17.1,21.03587868,21,23.65038603,23.7,14.34,14.3
17/07/2024,10.75339527,10.8,13.27705677,13.3,17.06254902,17.1,20.84804127,20.8,23.37170277,23.4,19.27,19.3
18/07/2024,10.9384942,10.9,13.38466514,13.4,17.05392157,17.1,20.72317799,20.7,23.16934894,23.2,18.44,18.4
19/07/2024,10.99736968,11,13.53999043,13.5,17.35392157,17.4,21.1678527,21.2,23.71047346,23.7,22.47,22.5
20/07/2024,10.5950389,10.6,13.34800373,13.3,17.47745098,17.5,21.60689823,21.6,24.35986306,24.4,18.09,18.1
21/07/2024,10.93716857,10.9,13.41383055,13.4,17.12882353,17.1,20.84381651,20.8,23.32047849,23.3,17,17
22/07/2024,10.66164973,10.7,13.30169572,13.3,17.26176471,17.3,21.22183369,21.2,23.86187968,23.9,19.47,19.5
23/07/2024,11.20506631,11.2,13.70288292,13.7,17.44960784,17.4,21.19633277,21.2,23.69414938,23.7,18.09,18.1
24/07/2024,10.83071797,10.8,13.25756803,13.3,16.89784314,16.9,20.53811824,20.5,22.96496831,23,17.7,17.7
25/07/2024,10.53979026,10.5,13.17242317,13.2,17.12137255,17.1,21.07032193,21.1,23.70295484,23.7,16.48,16.5
26/07/2024,11.67598112,11.7,13.97609848,14,17.42627451,17.4,20.87645054,20.9,23.1765679,23.2,17.72,17.7
27/07/2024,12.0034155,12,14.25459832,14.3,17.63137255,17.6,21.00814678,21,23.25932959,23.3,17.78,17.8
28/07/2024,11.65753312,11.7,13.98644144,14,17.47980392,17.5,20.9731664,21,23.30207472,23.3,18.49,18.5
29/07/2024,11.5457201,11.5,13.98837323,14,17.65235294,17.7,21.31633265,21.3,23.75898579,23.8,21.04,21
30/07/2024,11.55797085,11.6,13.90388055,13.9,17.4227451,17.4,20.94160965,20.9,23.28751934,23.3,24.3,24.3
31/07/2024,11.35205882,11.4,13.79978431,13.8,17.47137255,17.5,21.14296079,21.1,23.59068628,23.6,25.23,25.2
01/08/2024,10.9515638,11,13.51211475,13.5,17.35294118,17.4,21.1937676,21.2,23.75431856,23.8,20.27,20.3
02/08/2024,10.34136628,10.3,13.09791781,13.1,17.2327451,17.2,21.36757239,21.4,24.12412391,24.1,19.37,19.4
03/08/2024,10.7563005,10.8,13.40209403,13.4,17.37078431,17.4,21.3394746,21.3,23.98526812,24,15.74,15.7
04/08/2024,11.00714321,11,13.41910945,13.4,17.03705882,17,20.65500819,20.7,23.06697444,23.1,18.53,18.5
05/08/2024,11.75588408,11.8,14.05329515,14.1,17.49941176,17.5,20.94552838,20.9,23.24293945,23.2,18.17,18.2
06/08/2024,11.4555613,11.5,13.78933678,13.8,17.29,17.3,20.79066322,20.8,23.1244387,23.1,17.25,17.3
07/08/2024,11.49587003,11.5,13.81681614,13.8,17.29823529,17.3,20.77965445,20.8,23.10060056,23.1,15.4,15.4
08/08/2024,11.12262031,11.1,13.51200356,13.5,17.09607843,17.1,20.68015331,20.7,23.06953656,23.1,18.15,18.2
09/08/2024,11.63003882,11.6,13.90688604,13.9,17.32215686,17.3,20.73742769,20.7,23.01427491,23,18.14,18.1
10/08/2024,11.23926208,11.2,13.59132195,13.6,17.11941176,17.1,20.64750157,20.6,22.99956145,23,18.61,18.6
11/08/2024,10.88027554,10.9,13.3905967,13.4,17.15607843,17.2,20.92156017,20.9,23.43188133,23.4,22.18,22.2
12/08/2024,11.8982849,11.9,14.05559839,14.1,17.29156863,17.3,20.52753886,20.5,22.68485235,22.7,15.8,15.8
13/08/2024,11.65367658,11.7,13.77400987,13.8,16.9545098,17,20.13500974,20.1,22.25534303,22.3,16.95,17
14/08/2024,12.14771044,12.1,14.16101842,14.2,17.18098039,17.2,20.20094236,20.2,22.21425034,22.2,15.69,15.7
15/08/2024,11.50266342,11.5,13.7927353,13.8,17.22784314,17.2,20.66295097,20.7,22.95302286,23,17.75,17.8
16/08/2024,11.66396597,11.7,13.72112468,13.7,16.80686275,16.8,19.89260081,19.9,21.94975952,21.9,18.99,19
17/08/2024,11.29352516,11.3,13.50999745,13.5,16.83470588,16.8,20.15941432,20.2,22.37588661,22.4,15.26,15.3
18/08/2024,10.2018397,10.2,12.77035872,12.8,16.62313725,16.6,20.47591579,20.5,23.04443481,23,16.92,16.9
19/08/2024,10.56185504,10.6,13.11617185,13.1,16.94764706,16.9,20.77912227,20.8,23.33343908,23.3,16.22,16.2
20/08/2024,10.96220547,11,13.39693112,13.4,17.04901961,17,20.70110809,20.7,23.13583375,23.1,15.14,15.1
21/08/2024,10.76121142,10.8,13.12864842,13.1,16.67980392,16.7,20.23095943,20.2,22.59839643,22.6,14.76,14.8
22/08/2024,10.4891582,10.5,12.97757335,13,16.71019608,16.7,20.4428188,20.4,22.93123395,22.9,15.7,15.7
23/08/2024,9.415201641,9.4,12.13610138,12.1,16.21745098,16.2,20.29880058,20.3,23.01970032,23,14.87,14.9
24/08/2024,9.749436272,9.7,12.36495588,12.4,16.28823529,16.3,20.21151471,20.2,22.82703432,22.8,13.61,13.6
25/08/2024,10.14990203,10.1,12.55472553,12.6,16.16196078,16.2,19.76919604,19.8,22.17401954,22.2,15.58,15.6
26/08/2024,10.97501598,11,13.04995077,13,16.16235294,16.2,19.27475512,19.3,21.3496899,21.3,15.3,15.3
27/08/2024,10.7071209,10.7,12.7656843,12.8,15.85352941,15.9,18.94137452,18.9,20.99993793,21,19.03,19
28/08/2024,10.93654969,10.9,12.87071413,12.9,15.77196078,15.8,18.67320744,18.7,20.60737188,20.6,19.83,19.8
29/08/2024,10.60015574,10.6,12.64417188,12.6,15.71019608,15.7,18.77622028,18.8,20.82023642,20.8,14.43,14.4
30/08/2024,10.28089827,10.3,12.43795073,12.4,15.67352941,15.7,18.90910809,18.9,21.06616055,21.1,18.19,18.2
31/08/2024,9.944187689,9.9,12.09325771,12.1,15.31686275,15.3,18.54046778,18.5,20.6895378,20.7,16.11,16.1
01/09/2024,10.77563152,10.8,12.67667303,12.7,15.52823529,15.5,18.37979756,18.4,20.28083907,20.3,22.56,22.6
02/09/2024,11.07636484,11.1,12.8527993,12.9,15.51745098,15.5,18.18210266,18.2,19.95853712,20,16.78,16.8
03/09/2024,10.14215942,10.1,12.27533487,12.3,15.47509804,15.5,18.67486121,18.7,20.80803666,20.8,15.08,15.1
04/09/2024,9.610940634,9.6,11.82946634,11.8,15.1572549,15.2,18.48504346,18.5,20.70356917,20.7,14.63,14.6
05/09/2024,9.196276127,9.2,11.72294215,11.7,15.51294118,15.5,19.30294021,19.3,21.82960623,21.8,16.8,16.8
06/09/2024,10.10759487,10.1,12.28738045,12.3,15.55705882,15.6,18.82673719,18.8,21.00652277,21,17.19,17.2
07/09/2024,10.15912723,10.2,12.26277045,12.3,15.41823529,15.4,18.57370013,18.6,20.67734336,20.7,16.42,16.4
08/09/2024,9.585658411,9.6,11.83814014,11.8,15.21686275,15.2,18.59558535,18.6,20.84806708,20.8,14.78,14.8
09/09/2024,9.452297753,9.5,11.6440061,11.6,14.93156863,14.9,18.21913115,18.2,20.4108395,20.4,13.18,13.2
10/09/2024,9.198133875,9.2,11.51974307,11.5,15.00215686,15,18.48457066,18.5,20.80617985,20.8,7.513,7.5
11/09/2024,9.203608701,9.2,11.46789071,11.5,14.86431373,14.9,18.26073674,18.3,20.52501875,20.5,7.77,7.8
12/09/2024,9.081329392,9.1,11.27201332,11.3,14.55803922,14.6,17.84406511,17.8,20.03474904,20,9.58,9.6
13/09/2024,7.87896455,7.9,10.32118265,10.3,13.9845098,14,17.64783696,17.6,20.09005506,20.1,10.22,10.2
14/09/2024,7.807562537,7.8,10.2399885,10.2,13.88862745,13.9,17.5372664,17.5,19.96969237,20,9.73,9.7
15/09/2024,7.810451323,7.8,10.16423158,10.2,13.69490196,13.7,17.22557234,17.2,19.5793526,19.6,14.48,14.5
16/09/2024,8.012137488,8,10.32845896,10.3,13.80294118,13.8,17.27742339,17.3,19.59374486,19.6,15.48,15.5
17/09/2024,7.858811068,7.9,10.23230625,10.2,13.79254902,13.8,17.35279179,17.4,19.72628697,19.7,13.15,13.2
18/09/2024,7.367697559,7.4,9.899834222,9.9,13.69803922,13.7,17.49624421,17.5,20.02838087,20,15.49,15.5
19/09/2024,8.47275186,8.5,10.60859229,10.6,13.81235294,13.8,17.01611359,17,19.15195402,19.2,15.88,15.9
20/09/2024,8.160576463,8.2,10.50097333,10.5,14.01156863,14,17.52216393,17.5,19.86256079,19.9,15.9,15.9
21/09/2024,8.16048372,8.2,10.45166278,10.5,13.88843137,13.9,17.32519996,17.3,19.61637903,19.6,16.9,16.9
22/09/2024,7.984201477,8,10.30691304,10.3,13.79098039,13.8,17.27504774,17.3,19.59775931,19.6,15.67,15.7
23/09/2024,7.90820442,7.9,10.11119716,10.1,13.41568627,13.4,16.72017539,16.7,18.92316813,18.9,13.26,13.3
24/09/2024,8.061668731,8.1,10.14319732,10.1,13.2654902,13.3,16.38778308,16.4,18.46931166,18.5,12.46,12.5
25/09/2024,7.996833478,8,10.13315891,10.1,13.33764706,13.3,16.54213521,16.5,18.67846064,18.7,11.7,11.7
26/09/2024,7.033656708,7,9.556429319,9.6,13.34058824,13.3,17.12474715,17.1,19.64751976,19.6,11.41,11.4
27/09/2024,6.976035598,7,9.49142528,9.5,13.2645098,13.3,17.03759433,17,19.55298401,19.6,9.08,9.1
28/09/2024,6.873679973,6.9,9.442639356,9.4,13.29607843,13.3,17.14951751,17.1,19.71847689,19.7,8.65,8.7
29/09/2024,7.001305267,7,9.577802768,9.6,13.44254902,13.4,17.30729527,17.3,19.88379277,19.9,10.51,10.5
30/09/2024,6.441457907,6.4,9.077502195,9.1,13.03156863,13,16.98563506,17,19.62167935,19.6,10.26,10.3
01/10/2024,6.113637211,6.1,8.81751566,8.8,12.87333333,12.9,16.92915101,16.9,19.63302946,19.6,11.38,11.4
02/10/2024,6.784331083,6.8,9.011382964,9,12.35196078,12.4,15.69253861,15.7,17.91959049,17.9,10.65,10.7
03/10/2024,6.115476962,6.1,8.651246962,8.7,12.45490196,12.5,16.25855696,16.3,18.79432696,18.8,12.29,12.3
04/10/2024,6.100681248,6.1,8.541898945,8.5,12.20372549,12.2,15.86555204,15.9,18.30676973,18.3,10.58,10.6
05/10/2024,6.086443383,6.1,8.416258187,8.4,11.91098039,11.9,15.4057026,15.4,17.7355174,17.7,13.02,13
06/10/2024,6.493629318,6.5,8.683863865,8.7,11.96921569,12,15.25456751,15.3,17.44480205,17.4,12.3,12.3
07/10/2024,6.782673062,6.8,8.784662661,8.8,11.78764706,11.8,14.79063146,14.8,16.79262106,16.8,13.65,13.7
08/10/2024,5.552577399,5.6,8.0784484,8.1,11.8672549,11.9,15.6560614,15.7,18.1819324,18.2,12.58,12.6
09/10/2024,5.61516589,5.6,8.212236789,8.2,12.10784314,12.1,16.00344949,16,18.60052038,18.6,11.02,11
10/10/2024,5.245696096,5.2,7.95384903,8,12.01607843,12,16.07830783,16.1,18.78646077,18.8,7.944,7.9
11/10/2024,4.880693245,4.9,7.684180653,7.7,11.88941176,11.9,16.09464288,16.1,18.89813028,18.9,8.76,8.8
12/10/2024,4.639663045,4.6,7.373993905,7.4,11.4754902,11.5,15.57698649,15.6,18.31131735,18.3,7.588,7.6
13/10/2024,3.834358127,3.8,6.634654092,6.6,10.83509804,10.8,15.03554199,15,17.83583795,17.8,6.723,6.7
14/10/2024,3.822350422,3.8,6.534508293,6.5,10.6027451,10.6,14.6709819,14.7,17.38313977,17.4,9.58,9.6
15/10/2024,3.89789784,3.9,6.599444586,6.6,10.65176471,10.7,14.70408483,14.7,17.40563157,17.4,13.55,13.6
16/10/2024,3.955861697,4,6.526458195,6.5,10.38235294,10.4,14.23824769,14.2,16.80884418,16.8,15.22,15.2
17/10/2024,2.824072535,2.8,5.765267051,5.8,10.17705882,10.2,14.5888506,14.6,17.53004511,17.5,13.16,13.2
18/10/2024,7.065432206,7.1,8.499965206,8.5,10.65176471,10.7,12.80356421,12.8,14.23809721,14.2,12.95,13
19/10/2024,6.796020441,6.8,8.230553441,8.2,10.38235294,10.4,12.53415244,12.5,13.96868544,14,12.93,12.9
20/10/2024,6.590726324,6.6,8.025259324,8,10.17705882,10.2,12.32885832,12.3,13.76339132,13.8,11.67,11.7
21/10/2024,6.543275343,6.5,7.977808343,8,10.12960784,10.1,12.28140734,12.3,13.71594034,13.7,9.45,9.5
22/10/2024,6.745628284,6.7,8.180161284,8.2,10.33196078,10.3,12.48376028,12.5,13.91829328,13.9,12.72,12.7
23/10/2024,6.604255735,6.6,8.038788735,8,10.19058824,10.2,12.34238774,12.3,13.77692074,13.8,11.53,11.5
24/10/2024,6.221510637,6.2,7.656043637,7.7,9.807843137,9.8,11.95964264,12,13.39417564,13.4,12.41,12.4
25/10/2024,6.604255735,6.6,8.038788735,8,10.19058824,10.2,12.34238774,12.3,13.77692074,13.8,13.03,13
26/10/2024,6.519353775,6.5,7.953886775,8,10.10568627,10.1,12.25748577,12.3,13.69201877,13.7,11.03,11
27/10/2024,6.417196912,6.4,7.851729912,7.9,10.00352941,10,12.15532891,12.2,13.58986191,13.6,10.2,10.2
28/10/2024,6.404843971,6.4,7.839376971,7.8,9.991176471,10,12.14297597,12.1,13.57750897,13.6,13.59,13.6
29/10/2024,6.395824363,6.4,7.830357363,7.8,9.982156863,10,12.13395636,12.1,13.56848936,13.6,12.74,12.7
30/10/2024,6.687981225,6.7,8.122514225,8.1,10.27431373,10.3,12.42611323,12.4,13.86064623,13.9,8.47,8.5
31/10/2024,6.122883186,6.1,7.557416186,7.6,9.709215686,9.7,11.86101519,11.9,13.29554819,13.3,8.17,8.2
01/11/2024,5.778316667,5.8,7.093656667,7.1,9.066666667,9.1,11.03967667,11,12.35501667,12.4,9.89,9.9
02/11/2024,6.035767647,6,7.351107647,7.4,9.324117647,9.3,11.29712765,11.3,12.61246765,12.6,11.65,11.7
03/11/2024,6.528316667,6.5,7.843656667,7.8,9.816666667,9.8,11.78967667,11.8,13.10501667,13.1,10.54,10.5
04/11/2024,6.170473529,6.2,7.485813529,7.5,9.458823529,9.5,11.43183353,11.4,12.74717353,12.7,8.82,8.8
05/11/2024,5.718512745,5.7,7.033852745,7,9.006862745,9,10.97987275,11,12.29521275,12.3,8.1,8.1
06/11/2024,5.461453922,5.5,6.776793922,6.8,8.749803922,8.7,10.72281392,10.7,12.03815392,12,9.88,9.9
07/11/2024,4.79419902,4.8,6.10953902,6.1,8.08254902,8.1,10.05555902,10.1,11.37089902,11.4,7.924,7.9
08/11/2024,4.641453922,4.6,5.956793922,6,7.929803922,7.9,9.902813922,9.9,11.21815392,11.2,6.443,6.4
09/11/2024,4.556944118,4.6,5.872284118,5.9,7.845294118,7.8,9.818304118,9.8,11.13364412,11.1,5.741,5.7
10/11/2024,4.707140196,4.7,6.022480196,6,7.995490196,8,9.968500196,10,11.2838402,11.3,11.2,11.2
11/11/2024,4.955767647,5,6.271107647,6.3,8.244117647,8.2,10.21712765,10.2,11.53246765,11.5,5.904,5.9
12/11/2024,4.513022549,4.5,5.828362549,5.8,7.801372549,7.8,9.774382549,9.8,11.08972255,11.1,8.58,8.6
13/11/2024,4.457728431,4.5,5.773068431,5.8,7.746078431,7.7,9.719088431,9.7,11.03442843,11,8.71,8.7
14/11/2024,4.508904902,4.5,5.824244902,5.8,7.797254902,7.8,9.770264902,9.8,11.0856049,11.1,9.63,9.6
15/11/2024,4.42537549,4.4,5.74071549,5.7,7.71372549,7.7,9.68673549,9.7,11.00207549,11,6.196,6.2
16/11/2024,3.651453922,3.7,4.966793922,5,6.939803922,6.9,8.912813922,8.9,10.22815392,10.2,7.434,7.4
17/11/2024,3.544983333,3.5,4.860323333,4.9,6.833333333,6.8,8.806343333,8.8,10.12168333,10.1,7.029,7
18/11/2024,3.456355882,3.5,4.771695882,4.8,6.744705882,6.7,8.717715882,8.7,10.03305588,10,6.929,6.9
19/11/2024,3.359885294,3.4,4.675225294,4.7,6.648235294,6.6,8.621245294,8.6,9.936585294,9.9,-0.221,-0.2
20/11/2024,3.012630392,3,4.327970392,4.3,6.300980392,6.3,8.273990392,8.3,9.589330392,9.6,-0.245,-0.2
21/11/2024,3.240081373,3.2,4.555421373,4.6,6.528431373,6.5,8.501441373,8.5,9.816781373,9.8,0.515,0.5
22/11/2024,3.026355882,3,4.341695882,4.3,6.314705882,6.3,8.287715882,8.3,9.603055882,9.6,2.583,2.6
23/11/2024,2.680865686,2.7,3.996205686,4,5.969215686,6,7.942225686,7.9,9.257565686,9.3,9.02,9
24/11/2024,2.590277451,2.6,3.905617451,3.9,5.878627451,5.9,7.851637451,7.9,9.166977451,9.2,8.47,8.5
25/11/2024,2.76419902,2.8,4.07953902,4.1,6.05254902,6.1,8.02555902,8,9.34089902,9.3,7.882,7.9
26/11/2024,2.724983333,2.7,4.040323333,4,6.013333333,6,7.986343333,8,9.301683333,9.3,5.862,5.9
27/11/2024,2.763806863,2.8,4.079146863,4.1,6.052156863,6.1,8.025166863,8,9.340506863,9.3,2.73,2.7
28/11/2024,2.815571569,2.8,4.130911569,4.1,6.103921569,6.1,8.076931569,8.1,9.392271569,9.4,2.313,2.3
29/11/2024,2.670669608,2.7,3.986009608,4,5.959019608,6,7.932029608,7.9,9.247369608,9.2,8.39,8.4
30/11/2024,2.72419902,2.7,4.03953902,4,6.01254902,6,7.98555902,8,9.30089902,9.3,11.79,11.8
01/12/2024,1.199908984,1.2,2.981278724,3,5.653333333,5.7,8.325387943,8.3,10.10675768,10.1,11.46,11.5
02/12/2024,0.731281533,0.7,2.512651273,2.5,5.184705882,5.2,7.856760492,7.9,9.638130231,9.6,7.526,7.5
03/12/2024,0.663242318,0.7,2.444612057,2.4,5.116666667,5.1,7.788721276,7.8,9.570091016,9.6,3.728,3.7
04/12/2024,0.889712906,0.9,2.671082645,2.7,5.343137255,5.3,8.015191864,8,9.796561604,9.8,5.85,5.9
05/12/2024,1.294026631,1.3,3.075396371,3.1,5.74745098,5.7,8.41950559,8.4,10.20087533,10.2,10.77,10.8
06/12/2024,1.299712906,1.3,3.081082645,3.1,5.753137255,5.8,8.425191864,8.4,10.2065616,10.2,6.89,6.9
07/12/2024,1.240301141,1.2,3.021670881,3,5.69372549,5.7,8.3657801,8.4,10.14714984,10.1,6.701,6.7
08/12/2024,1.242261925,1.2,3.023631665,3,5.695686275,5.7,8.367740884,8.4,10.14911062,10.1,5.736,5.7
09/12/2024,0.520693298,0.5,2.302063038,2.3,4.974117647,5,7.646172256,7.6,9.427541996,9.4,5.777,5.8
10/12/2024,0.785987416,0.8,2.567357155,2.6,5.239411765,5.2,7.911466374,7.9,9.692836114,9.7,5.358,5.4
11/12/2024,0.436183494,0.4,2.217553234,2.2,4.889607843,4.9,7.561662453,7.6,9.343032192,9.3,4.82,4.8
12/12/2024,0.241085455,0.2,2.022455194,2,4.694509804,4.7,7.366564413,7.4,9.147934153,9.1,4.964,5
13/12/2024,0.040693298,0,1.822063038,1.8,4.494117647,4.5,7.166172256,7.2,8.947541996,8.9,4.444,4.4
14/12/2024,0.123830553,0.1,1.905200293,1.9,4.577254902,4.6,7.249309511,7.2,9.030679251,9,5.056,5.1
15/12/2024,0.273830553,0.3,2.055200293,2.1,4.727254902,4.7,7.399309511,7.4,9.180679251,9.2,9.11,9.1
16/12/2024,0.406771729,0.4,2.188141469,2.2,4.860196078,4.9,7.532250688,7.5,9.313620427,9.3,8.84,8.8
17/12/2024,0.399712906,0.4,2.181082645,2.2,4.853137255,4.9,7.525191864,7.5,9.306561604,9.3,7.32,7.3
18/12/2024,0.633046239,0.6,2.414415979,2.4,5.086470588,5.1,7.758525198,7.8,9.539894937,9.5,11.58,11.6
19/12/2024,0.542065847,0.5,2.323435587,2.3,4.995490196,5,7.667544806,7.7,9.448914545,9.4,4.244,4.2
20/12/2024,0.035595259,0,1.816964998,1.8,4.489019608,4.5,7.161074217,7.2,8.942443957,8.9,4.428,4.4
21/12/2024,0.260301141,0.3,2.041670881,2,4.71372549,4.7,7.3857801,7.4,9.167149839,9.2,7.321,7.3
22/12/2024,-0.156953761,-0.2,1.624415979,1.6,4.296470588,4.3,6.968525198,7,8.749894937,8.7,4.443,4.4
23/12/2024,-0.210091016,-0.2,1.571278724,1.6,4.243333333,4.2,6.915387943,6.9,8.696757682,8.7,5.562,5.6
24/12/2024,0.392261925,0.4,2.173631665,2.2,4.845686275,4.8,7.517740884,7.5,9.299110624,9.3,8.96,9
25/12/2024,0.807359965,0.8,2.588729704,2.6,5.260784314,5.3,7.932838923,7.9,9.714208663,9.7,8.2,8.2
26/12/2024,1.184614867,1.2,2.965984606,3,5.638039216,5.6,8.310093825,8.3,10.09146356,10.1,5.276,5.3
27/12/2024,0.686967808,0.7,2.468337547,2.5,5.140392157,5.1,7.812446766,7.8,9.593816506,9.6,4.161,4.2
28/12/2024,0.372654082,0.4,2.154023822,2.2,4.826078431,4.8,7.498133041,7.5,9.27950278,9.3,3.872,3.9
29/12/2024,0.216771729,0.2,1.998141469,2,4.670196078,4.7,7.342250688,7.3,9.123620427,9.1,4.991,5
30/12/2024,0.08539918,0.1,1.86676892,1.9,4.538823529,4.5,7.210878139,7.2,8.992247878,9,6.811,6.8
31/12/2024,-0.057149839,-0.1,1.7242199,1.7,4.39627451,4.4,7.068329119,7.1,8.849698859,8.8,9.13,9.1
01/01/2025,-0.110192495,-0.1,1.615060974,1.6,4.202941176,4.2,6.790821379,6.8,8.516074848,8.5,8,8
02/01/2025,-0.096467005,-0.1,1.628786464,1.6,4.216666667,4.2,6.80454687,6.8,8.529800338,8.5,0,0
03/01/2025,-0.389996417,-0.4,1.335257052,1.3,3.923137255,3.9,6.511017458,6.5,8.236270926,8.2,-2.625,-2.6
04/01/2025,-0.41705524,-0.4,1.308198228,1.3,3.896078431,3.9,6.483958634,6.5,8.209212103,8.2,-0.625,-0.6
05/01/2025,0.088238877,0.1,1.813492346,1.8,4.401372549,4.4,6.989252752,7,8.714506221,8.7,8.875,8.9
06/01/2025,0.340199662,0.3,2.06545313,2.1,4.653333333,4.7,7.241213536,7.2,8.966467005,9,5.5,5.5
07/01/2025,-0.512937593,-0.5,1.212315876,1.2,3.800196078,3.8,6.388076281,6.4,8.11332975,8.1,1.125,1.1
